1	Adjustable Race	AR-5381	0.0000	0.0000	\N	\N	2008-04-30	\N
2	Bearing Ball	BA-8327	0.0000	0.0000	\N	\N	2008-04-30	\N
3	BB Ball Bearing	BE-2349	0.0000	0.0000	\N	\N	2008-04-30	\N
4	Headset Ball Bearings	BE-2908	0.0000	0.0000	\N	\N	2008-04-30	\N
316	Blade	BL-2036	0.0000	0.0000	\N	\N	2008-04-30	\N
317	LL Crankarm	CA-5965	0.0000	0.0000	\N	\N	2008-04-30	\N
318	ML Crankarm	CA-6738	0.0000	0.0000	\N	\N	2008-04-30	\N
319	HL Crankarm	CA-7457	0.0000	0.0000	\N	\N	2008-04-30	\N
320	Chainring Bolts	CB-2903	0.0000	0.0000	\N	\N	2008-04-30	\N
321	Chainring Nut	CN-6137	0.0000	0.0000	\N	\N	2008-04-30	\N
322	Chainring	CR-7833	0.0000	0.0000	\N	\N	2008-04-30	\N
323	Crown Race	CR-9981	0.0000	0.0000	\N	\N	2008-04-30	\N
324	Chain Stays	CS-2812	0.0000	0.0000	\N	\N	2008-04-30	\N
325	Decal 1	DC-8732	0.0000	0.0000	\N	\N	2008-04-30	\N
326	Decal 2	DC-9824	0.0000	0.0000	\N	\N	2008-04-30	\N
327	Down Tube	DT-2377	0.0000	0.0000	\N	\N	2008-04-30	\N
328	Mountain End Caps	EC-M092	0.0000	0.0000	\N	\N	2008-04-30	\N
329	Road End Caps	EC-R098	0.0000	0.0000	\N	\N	2008-04-30	\N
330	Touring End Caps	EC-T209	0.0000	0.0000	\N	\N	2008-04-30	\N
331	Fork End	FE-3760	0.0000	0.0000	\N	\N	2008-04-30	\N
332	Freewheel	FH-2981	0.0000	0.0000	\N	\N	2008-04-30	\N
341	Flat Washer 1	FW-1000	0.0000	0.0000	\N	\N	2008-04-30	\N
342	Flat Washer 6	FW-1200	0.0000	0.0000	\N	\N	2008-04-30	\N
343	Flat Washer 2	FW-1400	0.0000	0.0000	\N	\N	2008-04-30	\N
344	Flat Washer 9	FW-3400	0.0000	0.0000	\N	\N	2008-04-30	\N
345	Flat Washer 4	FW-3800	0.0000	0.0000	\N	\N	2008-04-30	\N
346	Flat Washer 3	FW-5160	0.0000	0.0000	\N	\N	2008-04-30	\N
347	Flat Washer 8	FW-5800	0.0000	0.0000	\N	\N	2008-04-30	\N
348	Flat Washer 5	FW-7160	0.0000	0.0000	\N	\N	2008-04-30	\N
349	Flat Washer 7	FW-9160	0.0000	0.0000	\N	\N	2008-04-30	\N
350	Fork Crown	FC-3654	0.0000	0.0000	\N	\N	2008-04-30	\N
351	Front Derailleur Cage	FC-3982	0.0000	0.0000	\N	\N	2008-04-30	\N
352	Front Derailleur Linkage	FL-2301	0.0000	0.0000	\N	\N	2008-04-30	\N
355	Guide Pulley	GP-0982	0.0000	0.0000	\N	\N	2008-04-30	\N
356	LL Grip Tape	GT-0820	0.0000	0.0000	\N	\N	2008-04-30	\N
357	ML Grip Tape	GT-1209	0.0000	0.0000	\N	\N	2008-04-30	\N
358	HL Grip Tape	GT-2908	0.0000	0.0000	\N	\N	2008-04-30	\N
359	Thin-Jam Hex Nut 9	HJ-1213	0.0000	0.0000	\N	\N	2008-04-30	\N
360	Thin-Jam Hex Nut 10	HJ-1220	0.0000	0.0000	\N	\N	2008-04-30	\N
361	Thin-Jam Hex Nut 1	HJ-1420	0.0000	0.0000	\N	\N	2008-04-30	\N
362	Thin-Jam Hex Nut 2	HJ-1428	0.0000	0.0000	\N	\N	2008-04-30	\N
363	Thin-Jam Hex Nut 15	HJ-3410	0.0000	0.0000	\N	\N	2008-04-30	\N
364	Thin-Jam Hex Nut 16	HJ-3416	0.0000	0.0000	\N	\N	2008-04-30	\N
365	Thin-Jam Hex Nut 5	HJ-3816	0.0000	0.0000	\N	\N	2008-04-30	\N
366	Thin-Jam Hex Nut 6	HJ-3824	0.0000	0.0000	\N	\N	2008-04-30	\N
367	Thin-Jam Hex Nut 3	HJ-5161	0.0000	0.0000	\N	\N	2008-04-30	\N
368	Thin-Jam Hex Nut 4	HJ-5162	0.0000	0.0000	\N	\N	2008-04-30	\N
369	Thin-Jam Hex Nut 13	HJ-5811	0.0000	0.0000	\N	\N	2008-04-30	\N
370	Thin-Jam Hex Nut 14	HJ-5818	0.0000	0.0000	\N	\N	2008-04-30	\N
371	Thin-Jam Hex Nut 7	HJ-7161	0.0000	0.0000	\N	\N	2008-04-30	\N
372	Thin-Jam Hex Nut 8	HJ-7162	0.0000	0.0000	\N	\N	2008-04-30	\N
373	Thin-Jam Hex Nut 12	HJ-9080	0.0000	0.0000	\N	\N	2008-04-30	\N
374	Thin-Jam Hex Nut 11	HJ-9161	0.0000	0.0000	\N	\N	2008-04-30	\N
375	Hex Nut 5	HN-1024	0.0000	0.0000	\N	\N	2008-04-30	\N
376	Hex Nut 6	HN-1032	0.0000	0.0000	\N	\N	2008-04-30	\N
377	Hex Nut 16	HN-1213	0.0000	0.0000	\N	\N	2008-04-30	\N
378	Hex Nut 17	HN-1220	0.0000	0.0000	\N	\N	2008-04-30	\N
379	Hex Nut 7	HN-1224	0.0000	0.0000	\N	\N	2008-04-30	\N
380	Hex Nut 8	HN-1420	0.0000	0.0000	\N	\N	2008-04-30	\N
381	Hex Nut 9	HN-1428	0.0000	0.0000	\N	\N	2008-04-30	\N
382	Hex Nut 22	HN-3410	0.0000	0.0000	\N	\N	2008-04-30	\N
383	Hex Nut 23	HN-3416	0.0000	0.0000	\N	\N	2008-04-30	\N
384	Hex Nut 12	HN-3816	0.0000	0.0000	\N	\N	2008-04-30	\N
385	Hex Nut 13	HN-3824	0.0000	0.0000	\N	\N	2008-04-30	\N
386	Hex Nut 1	HN-4402	0.0000	0.0000	\N	\N	2008-04-30	\N
387	Hex Nut 10	HN-5161	0.0000	0.0000	\N	\N	2008-04-30	\N
388	Hex Nut 11	HN-5162	0.0000	0.0000	\N	\N	2008-04-30	\N
389	Hex Nut 2	HN-5400	0.0000	0.0000	\N	\N	2008-04-30	\N
390	Hex Nut 20	HN-5811	0.0000	0.0000	\N	\N	2008-04-30	\N
391	Hex Nut 21	HN-5818	0.0000	0.0000	\N	\N	2008-04-30	\N
392	Hex Nut 3	HN-6320	0.0000	0.0000	\N	\N	2008-04-30	\N
393	Hex Nut 14	HN-7161	0.0000	0.0000	\N	\N	2008-04-30	\N
394	Hex Nut 15	HN-7162	0.0000	0.0000	\N	\N	2008-04-30	\N
395	Hex Nut 4	HN-8320	0.0000	0.0000	\N	\N	2008-04-30	\N
396	Hex Nut 18	HN-9161	0.0000	0.0000	\N	\N	2008-04-30	\N
397	Hex Nut 19	HN-9168	0.0000	0.0000	\N	\N	2008-04-30	\N
398	Handlebar Tube	HT-2981	0.0000	0.0000	\N	\N	2008-04-30	\N
399	Head Tube	HT-8019	0.0000	0.0000	\N	\N	2008-04-30	\N
400	LL Hub	HU-6280	0.0000	0.0000	\N	\N	2008-04-30	\N
401	HL Hub	HU-8998	0.0000	0.0000	\N	\N	2008-04-30	\N
402	Keyed Washer	KW-4091	0.0000	0.0000	\N	\N	2008-04-30	\N
403	External Lock Washer 3	LE-1000	0.0000	0.0000	\N	\N	2008-04-30	\N
404	External Lock Washer 4	LE-1200	0.0000	0.0000	\N	\N	2008-04-30	\N
405	External Lock Washer 9	LE-1201	0.0000	0.0000	\N	\N	2008-04-30	\N
406	External Lock Washer 5	LE-1400	0.0000	0.0000	\N	\N	2008-04-30	\N
407	External Lock Washer 7	LE-3800	0.0000	0.0000	\N	\N	2008-04-30	\N
408	External Lock Washer 6	LE-5160	0.0000	0.0000	\N	\N	2008-04-30	\N
409	External Lock Washer 1	LE-6000	0.0000	0.0000	\N	\N	2008-04-30	\N
410	External Lock Washer 8	LE-7160	0.0000	0.0000	\N	\N	2008-04-30	\N
411	External Lock Washer 2	LE-8000	0.0000	0.0000	\N	\N	2008-04-30	\N
412	Internal Lock Washer 3	LI-1000	0.0000	0.0000	\N	\N	2008-04-30	\N
413	Internal Lock Washer 4	LI-1200	0.0000	0.0000	\N	\N	2008-04-30	\N
414	Internal Lock Washer 9	LI-1201	0.0000	0.0000	\N	\N	2008-04-30	\N
415	Internal Lock Washer 5	LI-1400	0.0000	0.0000	\N	\N	2008-04-30	\N
416	Internal Lock Washer 7	LI-3800	0.0000	0.0000	\N	\N	2008-04-30	\N
417	Internal Lock Washer 6	LI-5160	0.0000	0.0000	\N	\N	2008-04-30	\N
418	Internal Lock Washer 10	LI-5800	0.0000	0.0000	\N	\N	2008-04-30	\N
419	Internal Lock Washer 1	LI-6000	0.0000	0.0000	\N	\N	2008-04-30	\N
420	Internal Lock Washer 8	LI-7160	0.0000	0.0000	\N	\N	2008-04-30	\N
421	Internal Lock Washer 2	LI-8000	0.0000	0.0000	\N	\N	2008-04-30	\N
422	Thin-Jam Lock Nut 9	LJ-1213	0.0000	0.0000	\N	\N	2008-04-30	\N
423	Thin-Jam Lock Nut 10	LJ-1220	0.0000	0.0000	\N	\N	2008-04-30	\N
424	Thin-Jam Lock Nut 1	LJ-1420	0.0000	0.0000	\N	\N	2008-04-30	\N
425	Thin-Jam Lock Nut 2	LJ-1428	0.0000	0.0000	\N	\N	2008-04-30	\N
426	Thin-Jam Lock Nut 15	LJ-3410	0.0000	0.0000	\N	\N	2008-04-30	\N
427	Thin-Jam Lock Nut 16	LJ-3416	0.0000	0.0000	\N	\N	2008-04-30	\N
428	Thin-Jam Lock Nut 5	LJ-3816	0.0000	0.0000	\N	\N	2008-04-30	\N
429	Thin-Jam Lock Nut 6	LJ-3824	0.0000	0.0000	\N	\N	2008-04-30	\N
430	Thin-Jam Lock Nut 3	LJ-5161	0.0000	0.0000	\N	\N	2008-04-30	\N
431	Thin-Jam Lock Nut 4	LJ-5162	0.0000	0.0000	\N	\N	2008-04-30	\N
432	Thin-Jam Lock Nut 13	LJ-5811	0.0000	0.0000	\N	\N	2008-04-30	\N
433	Thin-Jam Lock Nut 14	LJ-5818	0.0000	0.0000	\N	\N	2008-04-30	\N
434	Thin-Jam Lock Nut 7	LJ-7161	0.0000	0.0000	\N	\N	2008-04-30	\N
435	Thin-Jam Lock Nut 8	LJ-7162	0.0000	0.0000	\N	\N	2008-04-30	\N
436	Thin-Jam Lock Nut 12	LJ-9080	0.0000	0.0000	\N	\N	2008-04-30	\N
437	Thin-Jam Lock Nut 11	LJ-9161	0.0000	0.0000	\N	\N	2008-04-30	\N
438	Lock Nut 5	LN-1024	0.0000	0.0000	\N	\N	2008-04-30	\N
439	Lock Nut 6	LN-1032	0.0000	0.0000	\N	\N	2008-04-30	\N
440	Lock Nut 16	LN-1213	0.0000	0.0000	\N	\N	2008-04-30	\N
441	Lock Nut 17	LN-1220	0.0000	0.0000	\N	\N	2008-04-30	\N
442	Lock Nut 7	LN-1224	0.0000	0.0000	\N	\N	2008-04-30	\N
443	Lock Nut 8	LN-1420	0.0000	0.0000	\N	\N	2008-04-30	\N
444	Lock Nut 9	LN-1428	0.0000	0.0000	\N	\N	2008-04-30	\N
445	Lock Nut 22	LN-3410	0.0000	0.0000	\N	\N	2008-04-30	\N
446	Lock Nut 23	LN-3416	0.0000	0.0000	\N	\N	2008-04-30	\N
447	Lock Nut 12	LN-3816	0.0000	0.0000	\N	\N	2008-04-30	\N
448	Lock Nut 13	LN-3824	0.0000	0.0000	\N	\N	2008-04-30	\N
449	Lock Nut 1	LN-4400	0.0000	0.0000	\N	\N	2008-04-30	\N
450	Lock Nut 10	LN-5161	0.0000	0.0000	\N	\N	2008-04-30	\N
451	Lock Nut 11	LN-5162	0.0000	0.0000	\N	\N	2008-04-30	\N
452	Lock Nut 2	LN-5400	0.0000	0.0000	\N	\N	2008-04-30	\N
453	Lock Nut 20	LN-5811	0.0000	0.0000	\N	\N	2008-04-30	\N
454	Lock Nut 21	LN-5818	0.0000	0.0000	\N	\N	2008-04-30	\N
455	Lock Nut 3	LN-6320	0.0000	0.0000	\N	\N	2008-04-30	\N
456	Lock Nut 14	LN-7161	0.0000	0.0000	\N	\N	2008-04-30	\N
457	Lock Nut 15	LN-7162	0.0000	0.0000	\N	\N	2008-04-30	\N
458	Lock Nut 4	LN-8320	0.0000	0.0000	\N	\N	2008-04-30	\N
459	Lock Nut 19	LN-9080	0.0000	0.0000	\N	\N	2008-04-30	\N
460	Lock Nut 18	LN-9161	0.0000	0.0000	\N	\N	2008-04-30	\N
461	Lock Ring	LR-2398	0.0000	0.0000	\N	\N	2008-04-30	\N
462	Lower Head Race	LR-8520	0.0000	0.0000	\N	\N	2008-04-30	\N
463	Lock Washer 4	LW-1000	0.0000	0.0000	\N	\N	2008-04-30	\N
464	Lock Washer 5	LW-1200	0.0000	0.0000	\N	\N	2008-04-30	\N
465	Lock Washer 10	LW-1201	0.0000	0.0000	\N	\N	2008-04-30	\N
466	Lock Washer 6	LW-1400	0.0000	0.0000	\N	\N	2008-04-30	\N
467	Lock Washer 13	LW-3400	0.0000	0.0000	\N	\N	2008-04-30	\N
468	Lock Washer 8	LW-3800	0.0000	0.0000	\N	\N	2008-04-30	\N
469	Lock Washer 1	LW-4000	0.0000	0.0000	\N	\N	2008-04-30	\N
470	Lock Washer 7	LW-5160	0.0000	0.0000	\N	\N	2008-04-30	\N
471	Lock Washer 12	LW-5800	0.0000	0.0000	\N	\N	2008-04-30	\N
472	Lock Washer 2	LW-6000	0.0000	0.0000	\N	\N	2008-04-30	\N
473	Lock Washer 9	LW-7160	0.0000	0.0000	\N	\N	2008-04-30	\N
474	Lock Washer 3	LW-8000	0.0000	0.0000	\N	\N	2008-04-30	\N
475	Lock Washer 11	LW-9160	0.0000	0.0000	\N	\N	2008-04-30	\N
476	Metal Angle	MA-7075	0.0000	0.0000	\N	\N	2008-04-30	\N
477	Metal Bar 1	MB-2024	0.0000	0.0000	\N	\N	2008-04-30	\N
478	Metal Bar 2	MB-6061	0.0000	0.0000	\N	\N	2008-04-30	\N
479	Metal Plate 2	MP-2066	0.0000	0.0000	\N	\N	2008-04-30	\N
480	Metal Plate 1	MP-2503	0.0000	0.0000	\N	\N	2008-04-30	\N
481	Metal Plate 3	MP-4960	0.0000	0.0000	\N	\N	2008-04-30	\N
482	Metal Sheet 2	MS-0253	0.0000	0.0000	\N	\N	2008-04-30	\N
483	Metal Sheet 3	MS-1256	0.0000	0.0000	\N	\N	2008-04-30	\N
484	Metal Sheet 7	MS-1981	0.0000	0.0000	\N	\N	2008-04-30	\N
485	Metal Sheet 4	MS-2259	0.0000	0.0000	\N	\N	2008-04-30	\N
486	Metal Sheet 5	MS-2341	0.0000	0.0000	\N	\N	2008-04-30	\N
487	Metal Sheet 6	MS-2348	0.0000	0.0000	\N	\N	2008-04-30	\N
488	Metal Sheet 1	MS-6061	0.0000	0.0000	\N	\N	2008-04-30	\N
489	Metal Tread Plate	MT-1000	0.0000	0.0000	\N	\N	2008-04-30	\N
490	LL Nipple	NI-4127	0.0000	0.0000	\N	\N	2008-04-30	\N
491	HL Nipple	NI-9522	0.0000	0.0000	\N	\N	2008-04-30	\N
492	Paint - Black	PA-187B	0.0000	0.0000	\N	\N	2008-04-30	\N
493	Paint - Red	PA-361R	0.0000	0.0000	\N	\N	2008-04-30	\N
494	Paint - Silver	PA-529S	0.0000	0.0000	\N	\N	2008-04-30	\N
495	Paint - Blue	PA-632U	0.0000	0.0000	\N	\N	2008-04-30	\N
496	Paint - Yellow	PA-823Y	0.0000	0.0000	\N	\N	2008-04-30	\N
497	Pinch Bolt	PB-6109	0.0000	0.0000	\N	\N	2008-04-30	\N
504	Cup-Shaped Race	RA-2345	0.0000	0.0000	\N	\N	2008-04-30	\N
505	Cone-Shaped Race	RA-7490	0.0000	0.0000	\N	\N	2008-04-30	\N
506	Reflector	RF-9198	0.0000	0.0000	\N	\N	2008-04-30	\N
507	LL Mountain Rim	RM-M464	0.0000	0.0000	\N	\N	2008-04-30	\N
508	ML Mountain Rim	RM-M692	0.0000	0.0000	\N	\N	2008-04-30	\N
509	HL Mountain Rim	RM-M823	0.0000	0.0000	\N	\N	2008-04-30	\N
510	LL Road Rim	RM-R436	0.0000	0.0000	\N	\N	2008-04-30	\N
511	ML Road Rim	RM-R600	0.0000	0.0000	\N	\N	2008-04-30	\N
512	HL Road Rim	RM-R800	0.0000	0.0000	\N	\N	2008-04-30	\N
513	Touring Rim	RM-T801	0.0000	0.0000	\N	\N	2008-04-30	\N
514	LL Mountain Seat Assembly	SA-M198	98.7700	133.3400	\N	\N	2008-04-30	\N
515	ML Mountain Seat Assembly	SA-M237	108.9900	147.1400	\N	\N	2008-04-30	\N
516	HL Mountain Seat Assembly	SA-M687	145.8700	196.9200	\N	\N	2008-04-30	\N
517	LL Road Seat Assembly	SA-R127	98.7700	133.3400	\N	\N	2008-04-30	\N
518	ML Road Seat Assembly	SA-R430	108.9900	147.1400	\N	\N	2008-04-30	\N
519	HL Road Seat Assembly	SA-R522	145.8700	196.9200	\N	\N	2008-04-30	\N
520	LL Touring Seat Assembly	SA-T467	98.7700	133.3400	\N	\N	2008-04-30	\N
521	ML Touring Seat Assembly	SA-T612	108.9900	147.1400	\N	\N	2008-04-30	\N
522	HL Touring Seat Assembly	SA-T872	145.8700	196.9200	\N	\N	2008-04-30	\N
523	LL Spindle/Axle	SD-2342	0.0000	0.0000	\N	\N	2008-04-30	\N
524	HL Spindle/Axle	SD-9872	0.0000	0.0000	\N	\N	2008-04-30	\N
525	LL Shell	SH-4562	0.0000	0.0000	\N	\N	2008-04-30	\N
526	HL Shell	SH-9312	0.0000	0.0000	\N	\N	2008-04-30	\N
527	Spokes	SK-9283	0.0000	0.0000	\N	\N	2008-04-30	\N
528	Seat Lug	SL-0931	0.0000	0.0000	\N	\N	2008-04-30	\N
529	Stem	SM-9087	0.0000	0.0000	\N	\N	2008-04-30	\N
530	Seat Post	SP-2981	0.0000	0.0000	\N	\N	2008-04-30	\N
531	Steerer	SR-2098	0.0000	0.0000	\N	\N	2008-04-30	\N
532	Seat Stays	SS-2985	0.0000	0.0000	\N	\N	2008-04-30	\N
533	Seat Tube	ST-9828	0.0000	0.0000	\N	\N	2008-04-30	\N
534	Top Tube	TO-2301	0.0000	0.0000	\N	\N	2008-04-30	\N
535	Tension Pulley	TP-0923	0.0000	0.0000	\N	\N	2008-04-30	\N
679	Rear Derailleur Cage	RC-0291	0.0000	0.0000	\N	\N	2008-04-30	\N
680	HL Road Frame - Black, 58	FR-R92B-58	1059.3100	1431.5000	14	6	2008-04-30	\N
706	HL Road Frame - Red, 58	FR-R92R-58	1059.3100	1431.5000	14	6	2008-04-30	\N
707	Sport-100 Helmet, Red	HL-U509-R	13.0863	34.9900	31	33	2011-05-31	\N
708	Sport-100 Helmet, Black	HL-U509	13.0863	34.9900	31	33	2011-05-31	\N
709	Mountain Bike Socks, M	SO-B909-M	3.3963	9.5000	23	18	2011-05-31	2012-05-29
710	Mountain Bike Socks, L	SO-B909-L	3.3963	9.5000	23	18	2011-05-31	2012-05-29
711	Sport-100 Helmet, Blue	HL-U509-B	13.0863	34.9900	31	33	2011-05-31	\N
712	AWC Logo Cap	CA-1098	6.9223	8.9900	19	2	2011-05-31	\N
713	Long-Sleeve Logo Jersey, S	LJ-0192-S	38.4923	49.9900	21	11	2011-05-31	\N
714	Long-Sleeve Logo Jersey, M	LJ-0192-M	38.4923	49.9900	21	11	2011-05-31	\N
715	Long-Sleeve Logo Jersey, L	LJ-0192-L	38.4923	49.9900	21	11	2011-05-31	\N
716	Long-Sleeve Logo Jersey, XL	LJ-0192-X	38.4923	49.9900	21	11	2011-05-31	\N
717	HL Road Frame - Red, 62	FR-R92R-62	868.6342	1431.5000	14	6	2011-05-31	\N
718	HL Road Frame - Red, 44	FR-R92R-44	868.6342	1431.5000	14	6	2011-05-31	\N
719	HL Road Frame - Red, 48	FR-R92R-48	868.6342	1431.5000	14	6	2011-05-31	\N
720	HL Road Frame - Red, 52	FR-R92R-52	868.6342	1431.5000	14	6	2011-05-31	\N
721	HL Road Frame - Red, 56	FR-R92R-56	868.6342	1431.5000	14	6	2011-05-31	\N
722	LL Road Frame - Black, 58	FR-R38B-58	204.6251	337.2200	14	9	2011-05-31	\N
723	LL Road Frame - Black, 60	FR-R38B-60	204.6251	337.2200	14	9	2011-05-31	\N
724	LL Road Frame - Black, 62	FR-R38B-62	204.6251	337.2200	14	9	2011-05-31	\N
725	LL Road Frame - Red, 44	FR-R38R-44	187.1571	337.2200	14	9	2011-05-31	2013-05-29
726	LL Road Frame - Red, 48	FR-R38R-48	187.1571	337.2200	14	9	2011-05-31	2013-05-29
727	LL Road Frame - Red, 52	FR-R38R-52	187.1571	337.2200	14	9	2011-05-31	2013-05-29
728	LL Road Frame - Red, 58	FR-R38R-58	187.1571	337.2200	14	9	2011-05-31	2013-05-29
729	LL Road Frame - Red, 60	FR-R38R-60	187.1571	337.2200	14	9	2011-05-31	2013-05-29
730	LL Road Frame - Red, 62	FR-R38R-62	187.1571	337.2200	14	9	2011-05-31	2013-05-29
731	ML Road Frame - Red, 44	FR-R72R-44	352.1394	594.8300	14	16	2011-05-31	2012-05-29
732	ML Road Frame - Red, 48	FR-R72R-48	352.1394	594.8300	14	16	2011-05-31	2012-05-29
733	ML Road Frame - Red, 52	FR-R72R-52	352.1394	594.8300	14	16	2011-05-31	2012-05-29
734	ML Road Frame - Red, 58	FR-R72R-58	352.1394	594.8300	14	16	2011-05-31	2012-05-29
735	ML Road Frame - Red, 60	FR-R72R-60	352.1394	594.8300	14	16	2011-05-31	2012-05-29
736	LL Road Frame - Black, 44	FR-R38B-44	204.6251	337.2200	14	9	2011-05-31	\N
737	LL Road Frame - Black, 48	FR-R38B-48	204.6251	337.2200	14	9	2011-05-31	\N
738	LL Road Frame - Black, 52	FR-R38B-52	204.6251	337.2200	14	9	2011-05-31	\N
739	HL Mountain Frame - Silver, 42	FR-M94S-42	747.2002	1364.5000	12	5	2011-05-31	\N
740	HL Mountain Frame - Silver, 44	FR-M94S-44	706.8110	1364.5000	12	5	2011-05-31	2012-05-29
741	HL Mountain Frame - Silver, 48	FR-M94S-52	706.8110	1364.5000	12	5	2011-05-31	2012-05-29
742	HL Mountain Frame - Silver, 46	FR-M94S-46	747.2002	1364.5000	12	5	2011-05-31	\N
743	HL Mountain Frame - Black, 42	FR-M94B-42	739.0410	1349.6000	12	5	2011-05-31	\N
744	HL Mountain Frame - Black, 44	FR-M94B-44	699.0928	1349.6000	12	5	2011-05-31	2012-05-29
745	HL Mountain Frame - Black, 48	FR-M94B-48	699.0928	1349.6000	12	5	2011-05-31	2012-05-29
746	HL Mountain Frame - Black, 46	FR-M94B-46	739.0410	1349.6000	12	5	2011-05-31	\N
747	HL Mountain Frame - Black, 38	FR-M94B-38	739.0410	1349.6000	12	5	2011-05-31	\N
748	HL Mountain Frame - Silver, 38	FR-M94S-38	747.2002	1364.5000	12	5	2011-05-31	\N
749	Road-150 Red, 62	BK-R93R-62	2171.2942	3578.2700	2	25	2011-05-31	2012-05-29
750	Road-150 Red, 44	BK-R93R-44	2171.2942	3578.2700	2	25	2011-05-31	2012-05-29
751	Road-150 Red, 48	BK-R93R-48	2171.2942	3578.2700	2	25	2011-05-31	2012-05-29
752	Road-150 Red, 52	BK-R93R-52	2171.2942	3578.2700	2	25	2011-05-31	2012-05-29
753	Road-150 Red, 56	BK-R93R-56	2171.2942	3578.2700	2	25	2011-05-31	2012-05-29
754	Road-450 Red, 58	BK-R68R-58	884.7083	1457.9900	2	28	2011-05-31	2012-05-29
755	Road-450 Red, 60	BK-R68R-60	884.7083	1457.9900	2	28	2011-05-31	2012-05-29
756	Road-450 Red, 44	BK-R68R-44	884.7083	1457.9900	2	28	2011-05-31	2012-05-29
757	Road-450 Red, 48	BK-R68R-48	884.7083	1457.9900	2	28	2011-05-31	2012-05-29
758	Road-450 Red, 52	BK-R68R-52	884.7083	1457.9900	2	28	2011-05-31	2012-05-29
759	Road-650 Red, 58	BK-R50R-58	486.7066	782.9900	2	30	2011-05-31	2013-05-29
760	Road-650 Red, 60	BK-R50R-60	486.7066	782.9900	2	30	2011-05-31	2013-05-29
761	Road-650 Red, 62	BK-R50R-62	486.7066	782.9900	2	30	2011-05-31	2013-05-29
762	Road-650 Red, 44	BK-R50R-44	486.7066	782.9900	2	30	2011-05-31	2013-05-29
763	Road-650 Red, 48	BK-R50R-48	486.7066	782.9900	2	30	2011-05-31	2013-05-29
764	Road-650 Red, 52	BK-R50R-52	486.7066	782.9900	2	30	2011-05-31	2013-05-29
765	Road-650 Black, 58	BK-R50B-58	486.7066	782.9900	2	30	2011-05-31	2013-05-29
766	Road-650 Black, 60	BK-R50B-60	486.7066	782.9900	2	30	2011-05-31	2013-05-29
767	Road-650 Black, 62	BK-R50B-62	486.7066	782.9900	2	30	2011-05-31	2013-05-29
768	Road-650 Black, 44	BK-R50B-44	486.7066	782.9900	2	30	2011-05-31	2013-05-29
769	Road-650 Black, 48	BK-R50B-48	486.7066	782.9900	2	30	2011-05-31	2013-05-29
770	Road-650 Black, 52	BK-R50B-52	486.7066	782.9900	2	30	2011-05-31	2013-05-29
771	Mountain-100 Silver, 38	BK-M82S-38	1912.1544	3399.9900	1	19	2011-05-31	2012-05-29
772	Mountain-100 Silver, 42	BK-M82S-42	1912.1544	3399.9900	1	19	2011-05-31	2012-05-29
773	Mountain-100 Silver, 44	BK-M82S-44	1912.1544	3399.9900	1	19	2011-05-31	2012-05-29
774	Mountain-100 Silver, 48	BK-M82S-48	1912.1544	3399.9900	1	19	2011-05-31	2012-05-29
775	Mountain-100 Black, 38	BK-M82B-38	1898.0944	3374.9900	1	19	2011-05-31	2012-05-29
776	Mountain-100 Black, 42	BK-M82B-42	1898.0944	3374.9900	1	19	2011-05-31	2012-05-29
777	Mountain-100 Black, 44	BK-M82B-44	1898.0944	3374.9900	1	19	2011-05-31	2012-05-29
778	Mountain-100 Black, 48	BK-M82B-48	1898.0944	3374.9900	1	19	2011-05-31	2012-05-29
779	Mountain-200 Silver, 38	BK-M68S-38	1265.6195	2319.9900	1	20	2012-05-30	\N
780	Mountain-200 Silver, 42	BK-M68S-42	1265.6195	2319.9900	1	20	2012-05-30	\N
781	Mountain-200 Silver, 46	BK-M68S-46	1265.6195	2319.9900	1	20	2012-05-30	\N
782	Mountain-200 Black, 38	BK-M68B-38	1251.9813	2294.9900	1	20	2012-05-30	\N
783	Mountain-200 Black, 42	BK-M68B-42	1251.9813	2294.9900	1	20	2012-05-30	\N
784	Mountain-200 Black, 46	BK-M68B-46	1251.9813	2294.9900	1	20	2012-05-30	\N
785	Mountain-300 Black, 38	BK-M47B-38	598.4354	1079.9900	1	21	2012-05-30	2013-05-29
786	Mountain-300 Black, 40	BK-M47B-40	598.4354	1079.9900	1	21	2012-05-30	2013-05-29
787	Mountain-300 Black, 44	BK-M47B-44	598.4354	1079.9900	1	21	2012-05-30	2013-05-29
788	Mountain-300 Black, 48	BK-M47B-48	598.4354	1079.9900	1	21	2012-05-30	2013-05-29
789	Road-250 Red, 44	BK-R89R-44	1518.7864	2443.3500	2	26	2012-05-30	2013-05-29
790	Road-250 Red, 48	BK-R89R-48	1518.7864	2443.3500	2	26	2012-05-30	2013-05-29
791	Road-250 Red, 52	BK-R89R-52	1518.7864	2443.3500	2	26	2012-05-30	2013-05-29
792	Road-250 Red, 58	BK-R89R-58	1554.9479	2443.3500	2	26	2012-05-30	\N
793	Road-250 Black, 44	BK-R89B-44	1554.9479	2443.3500	2	26	2012-05-30	\N
794	Road-250 Black, 48	BK-R89B-48	1554.9479	2443.3500	2	26	2012-05-30	\N
795	Road-250 Black, 52	BK-R89B-52	1554.9479	2443.3500	2	26	2012-05-30	\N
796	Road-250 Black, 58	BK-R89B-58	1554.9479	2443.3500	2	26	2012-05-30	\N
797	Road-550-W Yellow, 38	BK-R64Y-38	713.0798	1120.4900	2	29	2012-05-30	\N
798	Road-550-W Yellow, 40	BK-R64Y-40	713.0798	1120.4900	2	29	2012-05-30	\N
799	Road-550-W Yellow, 42	BK-R64Y-42	713.0798	1120.4900	2	29	2012-05-30	\N
800	Road-550-W Yellow, 44	BK-R64Y-44	713.0798	1120.4900	2	29	2012-05-30	\N
801	Road-550-W Yellow, 48	BK-R64Y-48	713.0798	1120.4900	2	29	2012-05-30	\N
802	LL Fork	FK-1639	65.8097	148.2200	10	104	2012-05-30	2013-05-29
803	ML Fork	FK-5136	77.9176	175.4900	10	105	2012-05-30	2013-05-29
804	HL Fork	FK-9939	101.8936	229.4900	10	106	2012-05-30	2013-05-29
805	LL Headset	HS-0296	15.1848	34.2000	11	59	2012-05-30	2013-05-29
806	ML Headset	HS-2451	45.4168	102.2900	11	60	2012-05-30	2013-05-29
807	HL Headset	HS-3479	55.3801	124.7300	11	61	2012-05-30	2013-05-29
808	LL Mountain Handlebars	HB-M243	19.7758	44.5400	4	52	2012-05-30	\N
809	ML Mountain Handlebars	HB-M763	27.4925	61.9200	4	54	2012-05-30	\N
810	HL Mountain Handlebars	HB-M918	53.3999	120.2700	4	55	2012-05-30	\N
811	LL Road Handlebars	HB-R504	19.7758	44.5400	4	56	2012-05-30	\N
812	ML Road Handlebars	HB-R720	27.4925	61.9200	4	57	2012-05-30	\N
813	HL Road Handlebars	HB-R956	53.3999	120.2700	4	58	2012-05-30	\N
814	ML Mountain Frame - Black, 38	FR-M63B-38	185.8193	348.7600	12	15	2012-05-30	2013-05-29
815	LL Mountain Front Wheel	FW-M423	26.9708	60.7450	17	42	2012-05-30	2013-05-29
816	ML Mountain Front Wheel	FW-M762	92.8071	209.0250	17	45	2012-05-30	2013-05-29
817	HL Mountain Front Wheel	FW-M928	133.2955	300.2150	17	46	2012-05-30	2013-05-29
818	LL Road Front Wheel	FW-R623	37.9909	85.5650	17	49	2012-05-30	2013-05-29
819	ML Road Front Wheel	FW-R762	110.2829	248.3850	17	50	2012-05-30	2013-05-29
820	HL Road Front Wheel	FW-R820	146.5466	330.0600	17	51	2012-05-30	2013-05-29
821	Touring Front Wheel	FW-T905	96.7964	218.0100	17	44	2012-05-30	2013-05-29
822	ML Road Frame-W - Yellow, 38	FR-R72Y-38	360.9428	594.8300	14	17	2012-05-30	\N
823	LL Mountain Rear Wheel	RW-M423	38.9588	87.7450	17	123	2012-05-30	2013-05-29
824	ML Mountain Rear Wheel	RW-M762	104.7951	236.0250	17	124	2012-05-30	2013-05-29
825	HL Mountain Rear Wheel	RW-M928	145.2835	327.2150	17	125	2012-05-30	2013-05-29
826	LL Road Rear Wheel	RW-R623	49.9789	112.5650	17	126	2012-05-30	2013-05-29
827	ML Road Rear Wheel	RW-R762	122.2709	275.3850	17	77	2012-05-30	2013-05-29
828	HL Road Rear Wheel	RW-R820	158.5346	357.0600	17	78	2012-05-30	2013-05-29
829	Touring Rear Wheel	RW-T905	108.7844	245.0100	17	43	2012-05-30	2013-05-29
830	ML Mountain Frame - Black, 40	FR-M63B-40	185.8193	348.7600	12	14	2012-05-30	2013-05-29
831	ML Mountain Frame - Black, 44	FR-M63B-44	185.8193	348.7600	12	14	2012-05-30	2013-05-29
832	ML Mountain Frame - Black, 48	FR-M63B-48	185.8193	348.7600	12	14	2012-05-30	2013-05-29
833	ML Road Frame-W - Yellow, 40	FR-R72Y-40	360.9428	594.8300	14	17	2012-05-30	\N
834	ML Road Frame-W - Yellow, 42	FR-R72Y-42	360.9428	594.8300	14	17	2012-05-30	\N
835	ML Road Frame-W - Yellow, 44	FR-R72Y-44	360.9428	594.8300	14	17	2012-05-30	\N
836	ML Road Frame-W - Yellow, 48	FR-R72Y-48	360.9428	594.8300	14	17	2012-05-30	\N
837	HL Road Frame - Black, 62	FR-R92B-62	868.6342	1431.5000	14	6	2012-05-30	\N
838	HL Road Frame - Black, 44	FR-R92B-44	868.6342	1431.5000	14	6	2012-05-30	\N
839	HL Road Frame - Black, 48	FR-R92B-48	868.6342	1431.5000	14	6	2012-05-30	\N
840	HL Road Frame - Black, 52	FR-R92B-52	868.6342	1431.5000	14	6	2012-05-30	\N
841	Men's Sports Shorts, S	SH-M897-S	24.7459	59.9900	22	13	2012-05-30	2013-05-29
842	Touring-Panniers, Large	PA-T100	51.5625	125.0000	35	120	2012-05-30	2013-05-29
843	Cable Lock	LO-C100	10.3125	25.0000	34	115	2012-05-30	2013-05-29
844	Minipump	PU-0452	8.2459	19.9900	36	116	2012-05-30	2013-05-29
845	Mountain Pump	PU-M044	10.3084	24.9900	36	117	2012-05-30	2013-05-29
846	Taillights - Battery-Powered	LT-T990	5.7709	13.9900	33	108	2012-05-30	2013-05-29
847	Headlights - Dual-Beam	LT-H902	14.4334	34.9900	33	109	2012-05-30	2013-05-29
848	Headlights - Weatherproof	LT-H903	18.5584	44.9900	33	110	2012-05-30	2013-05-29
849	Men's Sports Shorts, M	SH-M897-M	24.7459	59.9900	22	13	2012-05-30	2013-05-29
850	Men's Sports Shorts, L	SH-M897-L	24.7459	59.9900	22	13	2012-05-30	2013-05-29
851	Men's Sports Shorts, XL	SH-M897-X	24.7459	59.9900	22	13	2012-05-30	2013-05-29
852	Women's Tights, S	TG-W091-S	30.9334	74.9900	24	38	2012-05-30	2013-05-29
853	Women's Tights, M	TG-W091-M	30.9334	74.9900	24	38	2012-05-30	2013-05-29
854	Women's Tights, L	TG-W091-L	30.9334	74.9900	24	38	2012-05-30	2013-05-29
855	Men's Bib-Shorts, S	SB-M891-S	37.1209	89.9900	18	12	2012-05-30	2013-05-29
856	Men's Bib-Shorts, M	SB-M891-M	37.1209	89.9900	18	12	2012-05-30	2013-05-29
857	Men's Bib-Shorts, L	SB-M891-L	37.1209	89.9900	18	12	2012-05-30	2013-05-29
858	Half-Finger Gloves, S	GL-H102-S	9.1593	24.4900	20	4	2012-05-30	\N
859	Half-Finger Gloves, M	GL-H102-M	9.1593	24.4900	20	4	2012-05-30	\N
860	Half-Finger Gloves, L	GL-H102-L	9.1593	24.4900	20	4	2012-05-30	\N
861	Full-Finger Gloves, S	GL-F110-S	15.6709	37.9900	20	3	2012-05-30	2013-05-29
862	Full-Finger Gloves, M	GL-F110-M	15.6709	37.9900	20	3	2012-05-30	2013-05-29
863	Full-Finger Gloves, L	GL-F110-L	15.6709	37.9900	20	3	2012-05-30	2013-05-29
864	Classic Vest, S	VE-C304-S	23.7490	63.5000	25	1	2013-05-30	\N
865	Classic Vest, M	VE-C304-M	23.7490	63.5000	25	1	2013-05-30	\N
866	Classic Vest, L	VE-C304-L	23.7490	63.5000	25	1	2013-05-30	\N
867	Women's Mountain Shorts, S	SH-W890-S	26.1763	69.9900	22	37	2013-05-30	\N
868	Women's Mountain Shorts, M	SH-W890-M	26.1763	69.9900	22	37	2013-05-30	\N
869	Women's Mountain Shorts, L	SH-W890-L	26.1763	69.9900	22	37	2013-05-30	\N
870	Water Bottle - 30 oz.	WB-H098	1.8663	4.9900	28	111	2013-05-30	\N
871	Mountain Bottle Cage	BC-M005	3.7363	9.9900	28	112	2013-05-30	\N
872	Road Bottle Cage	BC-R205	3.3623	8.9900	28	113	2013-05-30	\N
873	Patch Kit/8 Patches	PK-7098	0.8565	2.2900	37	114	2013-05-30	\N
874	Racing Socks, M	SO-R809-M	3.3623	8.9900	23	24	2013-05-30	\N
875	Racing Socks, L	SO-R809-L	3.3623	8.9900	23	24	2013-05-30	\N
876	Hitch Rack - 4-Bike	RA-H123	44.8800	120.0000	26	118	2013-05-30	\N
877	Bike Wash - Dissolver	CL-9009	2.9733	7.9500	29	119	2013-05-30	\N
878	Fender Set - Mountain	FE-6654	8.2205	21.9800	30	121	2013-05-30	\N
879	All-Purpose Bike Stand	ST-1401	59.4660	159.0000	27	122	2013-05-30	\N
880	Hydration Pack - 70 oz.	HY-1023-70	20.5663	54.9900	32	107	2013-05-30	\N
881	Short-Sleeve Classic Jersey, S	SJ-0194-S	41.5723	53.9900	21	32	2013-05-30	\N
882	Short-Sleeve Classic Jersey, M	SJ-0194-M	41.5723	53.9900	21	32	2013-05-30	\N
883	Short-Sleeve Classic Jersey, L	SJ-0194-L	41.5723	53.9900	21	32	2013-05-30	\N
884	Short-Sleeve Classic Jersey, XL	SJ-0194-X	41.5723	53.9900	21	32	2013-05-30	\N
885	HL Touring Frame - Yellow, 60	FR-T98Y-60	601.7437	1003.9100	16	7	2013-05-30	\N
886	LL Touring Frame - Yellow, 62	FR-T67Y-62	199.8519	333.4200	16	10	2013-05-30	\N
887	HL Touring Frame - Yellow, 46	FR-T98Y-46	601.7437	1003.9100	16	7	2013-05-30	\N
888	HL Touring Frame - Yellow, 50	FR-T98Y-50	601.7437	1003.9100	16	7	2013-05-30	\N
889	HL Touring Frame - Yellow, 54	FR-T98Y-54	601.7437	1003.9100	16	7	2013-05-30	\N
890	HL Touring Frame - Blue, 46	FR-T98U-46	601.7437	1003.9100	16	7	2013-05-30	\N
891	HL Touring Frame - Blue, 50	FR-T98U-50	601.7437	1003.9100	16	7	2013-05-30	\N
892	HL Touring Frame - Blue, 54	FR-T98U-54	601.7437	1003.9100	16	7	2013-05-30	\N
893	HL Touring Frame - Blue, 60	FR-T98U-60	601.7437	1003.9100	16	7	2013-05-30	\N
894	Rear Derailleur	RD-2308	53.9282	121.4600	9	127	2013-05-30	\N
895	LL Touring Frame - Blue, 50	FR-T67U-50	199.8519	333.4200	16	10	2013-05-30	\N
896	LL Touring Frame - Blue, 54	FR-T67U-54	199.8519	333.4200	16	10	2013-05-30	\N
897	LL Touring Frame - Blue, 58	FR-T67U-58	199.8519	333.4200	16	10	2013-05-30	\N
898	LL Touring Frame - Blue, 62	FR-T67U-62	199.8519	333.4200	16	10	2013-05-30	\N
899	LL Touring Frame - Yellow, 44	FR-T67Y-44	199.8519	333.4200	16	10	2013-05-30	\N
900	LL Touring Frame - Yellow, 50	FR-T67Y-50	199.8519	333.4200	16	10	2013-05-30	\N
901	LL Touring Frame - Yellow, 54	FR-T67Y-54	199.8519	333.4200	16	10	2013-05-30	\N
902	LL Touring Frame - Yellow, 58	FR-T67Y-58	199.8519	333.4200	16	10	2013-05-30	\N
903	LL Touring Frame - Blue, 44	FR-T67U-44	199.8519	333.4200	16	10	2013-05-30	\N
904	ML Mountain Frame-W - Silver, 40	FR-M63S-40	199.3757	364.0900	12	15	2013-05-30	\N
905	ML Mountain Frame-W - Silver, 42	FR-M63S-42	199.3757	364.0900	12	15	2013-05-30	\N
906	ML Mountain Frame-W - Silver, 46	FR-M63S-46	199.3757	364.0900	12	15	2013-05-30	\N
907	Rear Brakes	RB-9231	47.2860	106.5000	6	128	2013-05-30	\N
908	LL Mountain Seat/Saddle	SE-M236	12.0413	27.1200	15	79	2013-05-30	\N
909	ML Mountain Seat/Saddle	SE-M798	17.3782	39.1400	15	80	2013-05-30	\N
910	HL Mountain Seat/Saddle	SE-M940	23.3722	52.6400	15	81	2013-05-30	\N
911	LL Road Seat/Saddle	SE-R581	12.0413	27.1200	15	82	2013-05-30	\N
912	ML Road Seat/Saddle	SE-R908	17.3782	39.1400	15	83	2013-05-30	\N
913	HL Road Seat/Saddle	SE-R995	23.3722	52.6400	15	84	2013-05-30	\N
914	LL Touring Seat/Saddle	SE-T312	12.0413	27.1200	15	66	2013-05-30	\N
915	ML Touring Seat/Saddle	SE-T762	17.3782	39.1400	15	65	2013-05-30	\N
916	HL Touring Seat/Saddle	SE-T924	23.3722	52.6400	15	67	2013-05-30	\N
917	LL Mountain Frame - Silver, 42	FR-M21S-42	144.5938	264.0500	12	8	2013-05-30	\N
918	LL Mountain Frame - Silver, 44	FR-M21S-44	144.5938	264.0500	12	8	2013-05-30	\N
919	LL Mountain Frame - Silver, 48	FR-M21S-48	144.5938	264.0500	12	8	2013-05-30	\N
920	LL Mountain Frame - Silver, 52	FR-M21S-52	144.5938	264.0500	12	8	2013-05-30	\N
921	Mountain Tire Tube	TT-M928	1.8663	4.9900	37	92	2013-05-30	\N
922	Road Tire Tube	TT-R982	1.4923	3.9900	37	93	2013-05-30	\N
923	Touring Tire Tube	TT-T092	1.8663	4.9900	37	94	2013-05-30	\N
924	LL Mountain Frame - Black, 42	FR-M21B-42	136.7850	249.7900	12	8	2013-05-30	\N
925	LL Mountain Frame - Black, 44	FR-M21B-44	136.7850	249.7900	12	8	2013-05-30	\N
926	LL Mountain Frame - Black, 48	FR-M21B-48	136.7850	249.7900	12	8	2013-05-30	\N
927	LL Mountain Frame - Black, 52	FR-M21B-52	136.7850	249.7900	12	8	2013-05-30	\N
928	LL Mountain Tire	TI-M267	9.3463	24.9900	37	85	2013-05-30	\N
929	ML Mountain Tire	TI-M602	11.2163	29.9900	37	86	2013-05-30	\N
930	HL Mountain Tire	TI-M823	13.0900	35.0000	37	87	2013-05-30	\N
931	LL Road Tire	TI-R092	8.0373	21.4900	37	88	2013-05-30	\N
932	ML Road Tire	TI-R628	9.3463	24.9900	37	89	2013-05-30	\N
933	HL Road Tire	TI-R982	12.1924	32.6000	37	90	2013-05-30	\N
934	Touring Tire	TI-T723	10.8423	28.9900	37	91	2013-05-30	\N
935	LL Mountain Pedal	PD-M282	17.9776	40.4900	13	62	2013-05-30	\N
936	ML Mountain Pedal	PD-M340	27.5680	62.0900	13	63	2013-05-30	\N
937	HL Mountain Pedal	PD-M562	35.9596	80.9900	13	64	2013-05-30	\N
938	LL Road Pedal	PD-R347	17.9776	40.4900	13	68	2013-05-30	\N
939	ML Road Pedal	PD-R563	27.5680	62.0900	13	69	2013-05-30	\N
940	HL Road Pedal	PD-R853	35.9596	80.9900	13	70	2013-05-30	\N
941	Touring Pedal	PD-T852	35.9596	80.9900	13	53	2013-05-30	\N
942	ML Mountain Frame-W - Silver, 38	FR-M63S-38	199.3757	364.0900	12	15	2013-05-30	\N
943	LL Mountain Frame - Black, 40	FR-M21B-40	136.7850	249.7900	12	8	2013-05-30	\N
944	LL Mountain Frame - Silver, 40	FR-M21S-40	144.5938	264.0500	12	8	2013-05-30	\N
945	Front Derailleur	FD-2342	40.6216	91.4900	9	103	2013-05-30	\N
946	LL Touring Handlebars	HB-T721	20.4640	46.0900	4	47	2013-05-30	\N
947	HL Touring Handlebars	HB-T928	40.6571	91.5700	4	48	2013-05-30	\N
948	Front Brakes	FB-9873	47.2860	106.5000	6	102	2013-05-30	\N
949	LL Crankset	CS-4759	77.9176	175.4900	8	99	2013-05-30	\N
950	ML Crankset	CS-6583	113.8816	256.4900	8	100	2013-05-30	\N
951	HL Crankset	CS-9183	179.8156	404.9900	8	101	2013-05-30	\N
952	Chain	CH-0234	8.9866	20.2400	7	98	2013-05-30	\N
953	Touring-2000 Blue, 60	BK-T44U-60	755.1508	1214.8500	3	35	2013-05-30	\N
954	Touring-1000 Yellow, 46	BK-T79Y-46	1481.9379	2384.0700	3	34	2013-05-30	\N
955	Touring-1000 Yellow, 50	BK-T79Y-50	1481.9379	2384.0700	3	34	2013-05-30	\N
956	Touring-1000 Yellow, 54	BK-T79Y-54	1481.9379	2384.0700	3	34	2013-05-30	\N
957	Touring-1000 Yellow, 60	BK-T79Y-60	1481.9379	2384.0700	3	34	2013-05-30	\N
958	Touring-3000 Blue, 54	BK-T18U-54	461.4448	742.3500	3	36	2013-05-30	\N
959	Touring-3000 Blue, 58	BK-T18U-58	461.4448	742.3500	3	36	2013-05-30	\N
960	Touring-3000 Blue, 62	BK-T18U-62	461.4448	742.3500	3	36	2013-05-30	\N
961	Touring-3000 Yellow, 44	BK-T18Y-44	461.4448	742.3500	3	36	2013-05-30	\N
962	Touring-3000 Yellow, 50	BK-T18Y-50	461.4448	742.3500	3	36	2013-05-30	\N
963	Touring-3000 Yellow, 54	BK-T18Y-54	461.4448	742.3500	3	36	2013-05-30	\N
964	Touring-3000 Yellow, 58	BK-T18Y-58	461.4448	742.3500	3	36	2013-05-30	\N
965	Touring-3000 Yellow, 62	BK-T18Y-62	461.4448	742.3500	3	36	2013-05-30	\N
966	Touring-1000 Blue, 46	BK-T79U-46	1481.9379	2384.0700	3	34	2013-05-30	\N
967	Touring-1000 Blue, 50	BK-T79U-50	1481.9379	2384.0700	3	34	2013-05-30	\N
968	Touring-1000 Blue, 54	BK-T79U-54	1481.9379	2384.0700	3	34	2013-05-30	\N
969	Touring-1000 Blue, 60	BK-T79U-60	1481.9379	2384.0700	3	34	2013-05-30	\N
970	Touring-2000 Blue, 46	BK-T44U-46	755.1508	1214.8500	3	35	2013-05-30	\N
971	Touring-2000 Blue, 50	BK-T44U-50	755.1508	1214.8500	3	35	2013-05-30	\N
972	Touring-2000 Blue, 54	BK-T44U-54	755.1508	1214.8500	3	35	2013-05-30	\N
973	Road-350-W Yellow, 40	BK-R79Y-40	1082.5100	1700.9900	2	27	2013-05-30	\N
974	Road-350-W Yellow, 42	BK-R79Y-42	1082.5100	1700.9900	2	27	2013-05-30	\N
975	Road-350-W Yellow, 44	BK-R79Y-44	1082.5100	1700.9900	2	27	2013-05-30	\N
976	Road-350-W Yellow, 48	BK-R79Y-48	1082.5100	1700.9900	2	27	2013-05-30	\N
977	Road-750 Black, 58	BK-R19B-58	343.6496	539.9900	2	31	2013-05-30	\N
978	Touring-3000 Blue, 44	BK-T18U-44	461.4448	742.3500	3	36	2013-05-30	\N
979	Touring-3000 Blue, 50	BK-T18U-50	461.4448	742.3500	3	36	2013-05-30	\N
980	Mountain-400-W Silver, 38	BK-M38S-38	419.7784	769.4900	1	22	2013-05-30	\N
981	Mountain-400-W Silver, 40	BK-M38S-40	419.7784	769.4900	1	22	2013-05-30	\N
982	Mountain-400-W Silver, 42	BK-M38S-42	419.7784	769.4900	1	22	2013-05-30	\N
983	Mountain-400-W Silver, 46	BK-M38S-46	419.7784	769.4900	1	22	2013-05-30	\N
984	Mountain-500 Silver, 40	BK-M18S-40	308.2179	564.9900	1	23	2013-05-30	\N
985	Mountain-500 Silver, 42	BK-M18S-42	308.2179	564.9900	1	23	2013-05-30	\N
986	Mountain-500 Silver, 44	BK-M18S-44	308.2179	564.9900	1	23	2013-05-30	\N
987	Mountain-500 Silver, 48	BK-M18S-48	308.2179	564.9900	1	23	2013-05-30	\N
988	Mountain-500 Silver, 52	BK-M18S-52	308.2179	564.9900	1	23	2013-05-30	\N
989	Mountain-500 Black, 40	BK-M18B-40	294.5797	539.9900	1	23	2013-05-30	\N
990	Mountain-500 Black, 42	BK-M18B-42	294.5797	539.9900	1	23	2013-05-30	\N
991	Mountain-500 Black, 44	BK-M18B-44	294.5797	539.9900	1	23	2013-05-30	\N
992	Mountain-500 Black, 48	BK-M18B-48	294.5797	539.9900	1	23	2013-05-30	\N
993	Mountain-500 Black, 52	BK-M18B-52	294.5797	539.9900	1	23	2013-05-30	\N
994	LL Bottom Bracket	BB-7421	23.9716	53.9900	5	95	2013-05-30	\N
995	ML Bottom Bracket	BB-8107	44.9506	101.2400	5	96	2013-05-30	\N
996	HL Bottom Bracket	BB-9108	53.9416	121.4900	5	97	2013-05-30	\N
997	Road-750 Black, 44	BK-R19B-44	343.6496	539.9900	2	31	2013-05-30	\N
998	Road-750 Black, 48	BK-R19B-48	343.6496	539.9900	2	31	2013-05-30	\N
999	Road-750 Black, 52	BK-R19B-52	343.6496	539.9900	2	31	2013-05-30	\N